{
  "Selection": {
    "prefix": [
      "select"
    ],
    "body": [
      "INSERT INTO ${1:sink_table}",
      "\tSELECT ${2:*} FROM ${3:source_table};"
    ],
    "description": "Insert from selection"
  },

  "Insert from Selection": {
    "prefix": [
      "ist"
    ],
    "body": [
      "INSERT INTO ${1:sink_table}",
      "\tSELECT ${2:*} FROM ${3:source_table};"
    ],
    "description": "Insert from selection"
  },

  "Select": {
    "prefix": [
      "slt"
    ],
    "body": [
      "SELECT",
      "\t${1:*}",
      "FROM",
      "\t${2:table_name}"
    ]
  },

  "JSON": {
    "prefix": [
      "fjs"
    ],
    "body": [
      "'format' = 'json',",
      "'json.fail-on-missing-field' = 'false',",
      "'json.ignore-parse-errors' = 'true'"
    ],
    "description": "Json Format"
  },
  "Avro": {
    "prefix": [
      "fav"
    ],
    "body": [
      "'format' = 'avro'"
    ],
    "description": "Avro Format"
  }
}